,address_id,location_id
0,1,1
1,2,2
2,3,3
3,4,4
4,5,3
5,6,5
6,7,6
7,8,7
8,9,8
9,10,9
10,11,10
11,12,11
12,13,12
13,14,13
14,15,14
15,16,15
16,17,16
17,18,17
18,19,18
19,20,19
20,21,20
21,22,21
22,23,22
23,24,23
24,25,24
25,26,25
26,27,8
27,28,26
28,29,27
29,30,28
30,31,29
31,32,30
32,33,31
33,34,32
34,35,33
35,36,34
36,37,35
37,38,1
38,39,25
39,40,27
40,41,36
41,42,37
42,43,38
43,44,32
44,45,23
45,46,30
46,47,39
47,48,25
48,49,40
49,50,41
50,51,42
51,52,39
52,53,43
53,54,44
54,55,45
55,56,46
56,57,47
57,58,48
58,59,49
59,60,50
60,61,40
61,62,10
62,63,43
63,64,4
64,65,51
65,66,52
66,67,6
67,68,14
68,69,23
69,70,53
70,71,54
71,72,37
72,73,51
73,74,48
74,75,55
75,76,56
76,77,57
77,78,49
78,79,23
79,80,58
80,81,59
81,82,60
82,83,61
83,84,62
84,85,44
85,86,10
86,87,11
87,88,63
88,89,64
89,90,65
90,91,66
91,92,46
92,93,19
93,94,67
94,95,14
95,96,2
96,97,63
97,98,66
98,99,51
99,100,34
100,101,68
101,102,22
102,103,38
103,104,69
104,105,70
105,106,71
106,107,15
107,108,72
108,109,73
109,110,74
110,111,69
111,112,75
112,113,76
113,114,22
114,115,77
115,116,20
116,117,8
117,118,41
118,119,78
119,120,30
120,121,52
121,122,47
122,123,79
123,124,54
124,125,65
125,126,37
126,127,80
127,128,10
128,129,62
129,130,22
130,131,10
131,132,31
132,133,26
133,134,71
134,135,55
135,136,49
136,137,81
137,138,36
138,139,82
139,140,31
140,141,59
141,142,18
142,143,59
143,144,83
144,145,74
145,146,84
146,147,47
147,148,85
148,149,86
149,150,87
150,151,26
151,152,88
152,153,40
153,154,13
154,155,46
155,156,62
156,157,69
157,158,1
158,159,89
159,160,21
160,161,40
161,162,19
162,163,23
163,164,90
164,165,52
165,166,79
166,167,14
167,168,83
168,169,26
169,170,75
170,171,74
171,172,91
172,173,82
173,174,92
174,175,51
175,176,93
176,177,63
177,178,94
178,179,7
179,180,95
180,181,91
181,182,69
182,183,81
183,184,96
184,185,23
185,186,35
186,187,97
187,188,62
188,189,44
189,190,40
190,191,26
191,192,98
192,193,53
193,194,30
194,195,87
195,196,38
196,197,29
197,198,7
198,199,77
199,200,53
200,201,31
201,202,13
202,203,89
203,204,92
204,205,99
205,206,94
206,207,89
207,208,100
208,209,81
209,210,97
210,211,99
211,212,81
212,213,101
213,214,46
214,215,102
215,216,50
216,217,102
217,218,68
218,219,67
219,220,103
220,221,54
221,222,85
222,223,63
223,224,11
224,225,73
225,226,59
226,227,66
227,228,90
228,229,15
229,230,33
230,231,25
231,232,43
232,233,56
233,234,70
234,235,13
235,236,5
236,237,65
237,238,79
238,239,60
239,240,28
240,241,83
241,242,39
242,243,9
243,244,82
244,245,93
245,246,70
246,247,24
247,248,84
248,249,30
249,250,29
250,251,15
251,252,72
252,253,73
253,254,8
254,255,80
255,256,60
256,257,75
257,258,64
258,259,67
259,260,104
260,261,16
261,262,2
262,263,28
263,264,5
264,265,97
265,266,22
266,267,52
267,268,8
268,269,80
269,270,105
270,271,30
271,272,63
272,273,59
273,274,42
274,275,42
275,276,86
276,277,89
277,278,18
278,279,25
279,280,14
280,281,103
281,282,100
282,283,2
283,284,106
284,285,101
285,286,16
286,287,14
287,288,74
288,289,107
289,290,8
290,291,92
291,292,28
292,293,28
293,294,41
294,295,107
295,296,17
296,297,77
297,298,61
298,299,83
299,300,1
300,301,40
301,302,9
302,303,36
303,304,6
304,305,15
305,306,87
306,307,92
307,308,77
308,309,30
309,310,108
310,311,34
311,312,11
312,313,93
313,314,16
314,315,66
315,316,69
316,317,17
317,318,24
318,319,109
319,320,82
320,321,1
321,322,104
322,323,87
323,324,95
324,325,15
325,326,16
326,327,19
327,328,14
328,329,109
329,330,14
330,331,43
331,332,44
332,333,3
333,334,65
334,335,62
335,336,80
336,337,79
337,338,24
338,339,110
339,340,54
340,341,85
341,342,13
342,343,7
343,344,5
344,345,48
345,346,26
346,347,64
347,348,29
348,349,27
349,350,9
350,351,28
351,352,19
352,353,67
353,354,111
354,355,15
355,356,68
356,357,63
357,358,60
358,359,73
359,360,90
360,361,98
361,362,83
362,363,3
363,364,108
364,365,103
365,366,26
366,367,16
367,368,56
368,369,89
369,370,3
370,371,94
371,372,76
372,373,66
373,374,89
374,375,9
375,376,107
376,377,112
377,378,83
378,379,58
379,380,4
380,381,67
381,382,53
382,383,104
383,384,6
384,385,86
385,386,24
386,387,46
387,388,35
388,389,89
389,390,91
390,391,31
391,392,32
392,393,70
393,394,86
